id,title,content,category
1,データ分析の重要性,データ分析は現代のビジネスにおいて非常に重要な役割を果たしています。適切なデータ分析により、意思決定の質を向上させることができます。,ビジネス
2,機械学習の応用,機械学習は様々な分野で応用されています。画像認識、自然言語処理、予測分析など、多くの領域で活用されています。,技術
3,テキストマイニングの手法,テキストマイニングでは、形態素解析や共起分析などの手法を用いて、テキストデータから有用な情報を抽出します。,分析
4,可視化の効果,データの可視化は、複雑な情報を分かりやすく伝えるために効果的です。グラフやチャートを用いることで、データの傾向やパターンを理解しやすくなります。,可視化
5,統計分析の基礎,統計分析は、データから客観的な結論を導き出すための重要な手法です。記述統計や推測統計を用いて、データの特徴を把握します。,統計
6,自然言語処理の技術,自然言語処理では、コンピュータが人間の言語を理解し、処理するための技術を開発しています。形態素解析、構文解析、意味解析などが含まれます。,技術
7,ビジネスインテリジェンス,ビジネスインテリジェンスは、企業の意思決定を支援するためのデータ分析手法です。ダッシュボードやレポートを通じて、経営者に必要な情報を提供します。,ビジネス
8,データサイエンスの未来,データサイエンスは今後も発展し続ける分野です。人工知能や機械学習との融合により、より高度な分析が可能になります。,技術
9,テキスト分析の応用,テキスト分析は、顧客の声の分析や市場調査など、様々なビジネスシーンで活用されています。感情分析やトピックモデリングなどの手法が用いられます。,分析
10,データドリブンな意思決定,データに基づく意思決定は、直感に頼った判断よりも客観的で効果的です。適切なデータ収集と分析により、リスクを最小化し、機会を最大化できます。,ビジネス 